Workbook

Sheet Master Activity List
A1: Partner Onboarding — Master Activity List and Automation Assessment
A2: Every activity performed by the Partner Onboarding Resource across the nine onboarding stages, the teams engaged for each, and an assessment of whether it can be automated. Columns I and J are for leadership to complete.
A3: Verdicts: Automate in full = the activity can be performed by a system end to end. Assist = a system prepares, routes, tracks or drafts; a person completes or decides. Retain as human work = the activity must continue to be performed by a person.
A5: ID | B5: Stage | C5: Activity Group | D5: Activity Performed by the Partner Onboarding Resource | E5: Teams / Personas Engaged | F5: Automation Verdict | G5: What Automation Would Cover | H5: Reasoning | I5: Leadership Decision | J5: Leadership Notes
A6: 1 | B6: 1 Partner Request | C6: Engagement | D6: Hold initial meeting with the partner team | E6: Partner / application team; business sponsor | F6: Retain as human work | G6: Scheduling, agenda and pre-read preparation only | H6: First contact sets the relationship and surfaces unstated context. The value is in reading the room and asking the unscripted follow-up, which a system cannot do.
A7: 2 | B7: 1 Partner Request | C7: Engagement | D7: Explain the onboarding process, stages and partner obligations | E7: Partner / application team | F7: Automate in full | G7: Full explanation of the nine stages, what the partner must do at each, and when | H7: The explanation is identical for every partner. It is reference knowledge delivered on demand, not judgement.
A8: 3 | B8: 1 Partner Request | C8: Intake authoring | D8: Guide the partner through the Definition of Ready workbook | E8: Partner / application team | F8: Automate in full | G8: Section-by-section walkthrough, field-level explanation of why each entry matters downstream | H8: Fixed structure, fixed content, repeated verbatim for every onboarding.
A9: 4 | B9: 1 Partner Request | C9: Intake authoring | D9: Understand partner and documentation requirements | E9: Partner / application team; business users | F9: Assist | G9: Structured capture, prompting for missing areas, restating back for confirmation | H9: Capture can be structured; interpreting a vaguely expressed business need into platform requirements still needs a person.
A10: 5 | B10: 1 Partner Request | C10: Intake authoring | D10: Understand and record document types | E10: Partner / application team | F10: Assist | G10: Structured capture and consistency checking against known type patterns | H10: Recording is mechanical; recognising that a described type is really two types, or is misnamed, needs experience.
A11: 6 | B11: 1 Partner Request | C11: Intake authoring | D11: Understand and record document sizes | E11: Partner / application team | F11: Automate in full | G11: Capture, unit normalisation, and flagging of outliers that will affect profile design | H11: Purely quantitative capture against a known schema.
A12: 7 | B12: 1 Partner Request | C12: Intake authoring | D12: Understand and record document traits | E12: Partner / application team | F12: Assist | G12: Structured capture against a trait checklist | H12: Traits are descriptive and partner teams often do not know which matter; a person probes for the ones that affect design.
A13: 8 | B13: 1 Partner Request | C13: Intake authoring | D13: Capture volume expectations — migration, business as usual, peak | E13: Partner / application team | F13: Automate in full | G13: Separate capture of the three volume classes, flagging where any is missing or implausible | H13: Quantitative, schema-driven, and the three classes are routinely conflated — a structured form prevents that better than a conversation.
A14: 9 | B14: 1 Partner Request | C14: Intake authoring | D14: Capture retention and regulatory obligations | E14: Partner / application team; business owner | F14: Assist | G14: Structured capture and prompting on regulatory drivers, retention period and legal hold | H14: Capture is structured; determining whether an obligation actually applies is a compliance judgement.
A15: 10 | B15: 1 Partner Request | C15: Intake authoring | D15: Identify dependencies and downstream consumers | E15: Partner / application team; dependent application teams | F15: Assist | G15: Prompting against a dependency checklist and surfacing known platform dependencies | H15: Partners are often unaware of their own downstream consumers; discovering them takes cross-team knowledge.
A16: 11 | B16: 1 Partner Request | C16: Intake authoring | D16: Flag that document samples will be needed at discovery | E16: Partner / application team | F16: Automate in full | G16: Automatic notification with the sample specification and the deadline | H16: A fixed rule with a fixed deadline, currently remembered rather than enforced.
A17: 12 | B17: 1 Partner Request | C17: Intake authoring | D17: Check intake completeness before submission | E17: Partner / application team | F17: Automate in full | G17: Validation against minimum intake criteria with an itemised gap list | H17: Criteria are documented and binary. This is the single highest-value automation in the front of the process.
... A149: 144 | B149: Cross-cutting | C149: Relationship | D149: Adapt the approach where an onboarding does not fit the standard pattern | E149: All teams | F149: Retain as human work | G149: Flagging the deviation from the standard pattern | H149: Exception handling requires judgement about which rules can safely bend.

Sheet Summary
A1: Automation Assessment — Summary
A2: All counts are formulas over the Master Activity List. They update automatically if rows are added, changed or re-assessed.
A4: By verdict
A5: Verdict | B5: Activities | C5: % of total
A6: Automate in full | B6: =COUNTIF('Master Activity List'!$F$6:$F$149,$A6) -> 82 | C6: =IFERROR($B6/$B$9,0) -> 0.56944444
A7: Assist | B7: =COUNTIF('Master Activity List'!$F$6:$F$149,$A7) -> 38 | C7: =IFERROR($B7/$B$9,0) -> 0.26388889
A8: Retain as human work | B8: =COUNTIF('Master Activity List'!$F$6:$F$149,$A8) -> 24 | C8: =IFERROR($B8/$B$9,0) -> 0.16666667
A9: Total | B9: =SUM($B$6:$B$8) -> 144 | C9: =IFERROR($B$9/$B$9,0) -> 1
A12: By stage
A13: Stage | B13: Automate in full | C13: Assist | D13: Retain as human work | E13: Total | F13: % automatable or assisted
A14: 1 Partner Request | B14: =COUNTIFS('Master Activity List'!$B$6:$B$149,$A14,'Master Activity List'!$F$6:$F$149,B$13) -> 7 | C14: =COUNTIFS('Master Activity List'!$B$6:$B$149,$A14,'Master Activity List'!$F$6:$F$149,C$13) -> 5 | D14: =COUNTIFS('Master Activity List'!$B$6:$B$149,$A14,'Master Activity List'!$F$6:$F$149,D$13) -> 1 | E14: =SUM($B14:$D14) -> 13 | F14: =IFERROR(($B14+$C14)/$E14,0) -> 0.92307692
A15: 2 Intake Review | B15: =COUNTIFS('Master Activity List'!$B$6:$B$149,$A15,'Master Activity List'!$F$6:$F$149,B$13) -> 4 | C15: =COUNTIFS('Master Activity List'!$B$6:$B$149,$A15,'Master Activity List'!$F$6:$F$149,C$13) -> 2 | D15: =COUNTIFS('Master Activity List'!$B$6:$B$149,$A15,'Master Activity List'!$F$6:$F$149,D$13) -> 0 | E15: =SUM($B15:$D15) -> 6 | F15: =IFERROR(($B15+$C15)/$E15,0) -> 1
A16: 3 LOB Priority | B16: =COUNTIFS('Master Activity List'!$B$6:$B$149,$A16,'Master Activity List'!$F$6:$F$149,B$13) -> 2 | C16: =COUNTIFS('Master Activity List'!$B$6:$B$149,$A16,'Master Activity List'!$F$6:$F$149,C$13) -> 1 | D16: =COUNTIFS('Master Activity List'!$B$6:$B$149,$A16,'Master Activity List'!$F$6:$F$149,D$13) -> 1 | E16: =SUM($B16:$D16) -> 4 | F16: =IFERROR(($B16+$C16)/$E16,0) -> 0.75
A17: 4 Discovery & Triage | B17: =COUNTIFS('Master Activity List'!$B$6:$B$149,$A17,'Master Activity List'!$F$6:$F$149,B$13) -> 7 | C17: =COUNTIFS('Master Activity List'!$B$6:$B$149,$A17,'Master Activity List'!$F$6:$F$149,C$13) -> 4 | D17: =COUNTIFS('Master Activity List'!$B$6:$B$149,$A17,'Master Activity List'!$F$6:$F$149,D$13) -> 5 | E17: =SUM($B17:$D17) -> 16 | F17: =IFERROR(($B17+$C17)/$E17,0) -> 0.6875
A18: 5 Product Epic Creation | B18: =COUNTIFS('Master Activity List'!$B$6:$B$149,$A18,'Master Activity List'!$F$6:$F$149,B$13) -> 3 | C18: =COUNTIFS('Master Activity List'!$B$6:$B$149,$A18,'Master Activity List'!$F$6:$F$149,C$13) -> 2 | D18: =COUNTIFS('Master Activity List'!$B$6:$B$149,$A18,'Master Activity List'!$F$6:$F$149,D$13) -> 0 | E18: =SUM($B18:$D18) -> 5 | F18: =IFERROR(($B18+$C18)/$E18,0) -> 1
A19: 6 Big Room Planning | B19: =COUNTIFS('Master Activity List'!$B$6:$B$149,$A19,'Master Activity List'!$F$6:$F$149,B$13) -> 2 | C19: =COUNTIFS('Master Activity List'!$B$6:$B$149,$A19,'Master Activity List'!$F$6:$F$149,C$13) -> 0 | D19: =COUNTIFS('Master Activity List'!$B$6:$B$149,$A19,'Master Activity List'!$F$6:$F$149,D$13) -> 1 | E19: =SUM($B19:$D19) -> 3 | F19: =IFERROR(($B19+$C19)/$E19,0) -> 0.66666667
A20: 7 Capacity Assessment | B20: =COUNTIFS('Master Activity List'!$B$6:$B$149,$A20,'Master Activity List'!$F$6:$F$149,B$13) -> 6 | C20: =COUNTIFS('Master Activity List'!$B$6:$B$149,$A20,'Master Activity List'!$F$6:$F$149,C$13) -> 0 | D20: =COUNTIFS('Master Activity List'!$B$6:$B$149,$A20,'Master Activity List'!$F$6:$F$149,D$13) -> 3 | E20: =SUM($B20:$D20) -> 9 | F20: =IFERROR(($B20+$C20)/$E20,0) -> 0.66666667
A21: 8 Development & Delivery | B21: =COUNTIFS('Master Activity List'!$B$6:$B$149,$A21,'Master Activity List'!$F$6:$F$149,B$13) -> 37 | C21: =COUNTIFS('Master Activity List'!$B$6:$B$149,$A21,'Master Activity List'!$F$6:$F$149,C$13) -> 20 | D21: =COUNTIFS('Master Activity List'!$B$6:$B$149,$A21,'Master Activity List'!$F$6:$F$149,D$13) -> 7 | E21: =SUM($B21:$D21) -> 64 | F21: =IFERROR(($B21+$C21)/$E21,0) -> 0.890625
A22: 9 Partner Live | B22: =COUNTIFS('Master Activity List'!$B$6:$B$149,$A22,'Master Activity List'!$F$6:$F$149,B$13) -> 7 | C22: =COUNTIFS('Master Activity List'!$B$6:$B$149,$A22,'Master Activity List'!$F$6:$F$149,C$13) -> 3 | D22: =COUNTIFS('Master Activity List'!$B$6:$B$149,$A22,'Master Activity List'!$F$6:$F$149,D$13) -> 4 | E22: =SUM($B22:$D22) -> 14 | F22: =IFERROR(($B22+$C22)/$E22,0) -> 0.71428571
A23: Cross-cutting | B23: =COUNTIFS('Master Activity List'!$B$6:$B$149,$A23,'Master Activity List'!$F$6:$F$149,B$13) -> 7 | C23: =COUNTIFS('Master Activity List'!$B$6:$B$149,$A23,'Master Activity List'!$F$6:$F$149,C$13) -> 1 | D23: =COUNTIFS('Master Activity List'!$B$6:$B$149,$A23,'Master Activity List'!$F$6:$F$149,D$13) -> 2 | E23: =SUM($B23:$D23) -> 10 | F23: =IFERROR(($B23+$C23)/$E23,0) -> 0.8
A24: Total | B24: =SUM(B14:B23) -> 82 | C24: =SUM(C14:C23) -> 38 | D24: =SUM(D14:D23) -> 24 | E24: =SUM(E14:E23) -> 144 | F24: =IFERROR(($B24+$C24)/$E24,0) -> 0.83333333
A26: What the numbers mean
A27: • The activities that must stay human are concentrated in three places: governance decisions, commitment and authorisation, and live sessions with people in the room.
A28: • The activities that can be automated in full are concentrated in record keeping, routing, status tracking, document generation and rule application.
A29: • Almost everything in the 'Assist' column follows the same pattern: a system can prepare, draft, route or track, but a named person completes the step or owns the decision.
A30: • No activity was assessed as automatable where getting it wrong would carry regulatory, security or contractual consequence without a human in the path.
A31: • This assessment describes what is possible. It does not claim a time saving — that requires a measured baseline of effort and elapsed time per stage, which does not exist today.

Sheet Teams and Personas
A1: Teams and Personas Referenced in the Master List
A2: Who the Partner Onboarding Resource works with, and what each is accountable for.
A4: Team / Persona | B4: Category | C4: Accountable for
A5: Partner / application team | B5: Partner side | C5: Submits the request, completes the Definition of Ready workbook, supplies document samples, builds the integration and runs acceptance testing.
A6: Business sponsor / business users | B6: Partner side | C6: States the business objective and the retention obligation, performs acceptance testing, consumes search and retrieval.
A7: ECM intake team (L4 / L3 product managers) | B7: ECM product | C7: Validates intake completeness, opens the triage state, identifies discovery participants, raises the epic and runs planning.
A8: Triage leads | B8: ECM product | C8: Derive and apply area and impact labels, drive the triage state machine, manage the follow-up loop.
A9: Product owners and architects | B9: ECM product | C9: Own the scope outcome at discovery, assess architecture impact and delivery complexity, design the solution.
A10: LOB sponsor and liaisons | B10: Business | C10: Rank the demand within the Line of Business portfolio against value, regulatory impact, risk and strategic alignment.
A11: Imaging Governance | B11: Governance | C11: Determines trusted versus untrusted by viewing documents on the flow; allocates document category, type and subtype for trusted content; maintains the knowledge engine that governs classification of untrusted content.
A12: Engineering and enabling teams | B12: Delivery | C12: Return the capacity commitment, build and configure the solution, execute testing and promote through environments.
A13: Platform Support | B13: Operations | C13: Accepts the production handover and operates the solution in business as usual.
A14: Delivery Management | B14: Operations | C14: Receives the Release Transition information relevant to delivery oversight.
A15: Cloud and Hosting Engineering | B15: Operations | C15: Receives the Release Transition information relevant to hosting and infrastructure.
... A29: Audit and governance | B29: Governance | C29: Rely on the retention configuration, the artefact record and the audit trail.
